"ID","Title","Automation Status","Created By","Created On","Estimate","Forecast","Milestone","Priority","References","Section","Section Depth","Section Description","Section Hierarchy","Sprint","Steps (Expected Result)","Steps (Step)","Suite","Suite ID","Test Case Status","Type","Updated By","Updated On"
"C4352","Hello Only tasks for the selected task category under My Tasks are displayed in Task List <h1>hello</h1>"," Planned","Vy Nguyen","4/4/2015 9:57 AM","60s","","","1","TM-18","Task List","0","","Task List","","1. 
2. Hello The Task List should show only tasks that belongs to the selected category
","1. Hello Open Task Manager Application
2. Select a task category under My Task
","Injured Worker","S19"," Need to Review","Functionality","Vy Nguyen","4/4/2015 10:18 AM"
"C4353","Hello Only tasks for the selected task category under My Tasks are displayed in Task List <h1>hello</h1>"," Planned","Vy Nguyen","4/4/2015 10:18 AM","60s","","","1","TM-18","Task List","0","","Task List","","1. 
2. Hello The Task List should show only tasks that belongs to the selected category
","1. Hello Open Task Manager Application
2. Select a task category under My Task
","Injured Worker","S19"," Need to Review","Functionality","Vy Nguyen","4/4/2015 10:18 AM"
